{
    "App": {
        "editor": {
            "configuration_active": false,
            "atributeeditor_active": false
        },
        "camera": {
            "pos": {
                "x": 24.567438125610352,
                "y": 15.480230331420898,
                "z": -26.285966873168945
            },
            "reference": {
                "x": -2,
                "y": 1.5,
                "z": 1.2999999523162842
            },
            "speed": 0.048000000417232513
        },
        "window": {
            "width": 1362,
            "height": 741,
            "screen_size": 1,
            "window_mode": 0,
            "vsync": true,
            "title": "NEWGINE"
        }
    },
    "name": "",
    "organization": ""
}